--------------------------------------------------------
--  File created - sobota-listopada-28-2020   
--------------------------------------------------------
REM INSERTING into KKECIK1.ADMINISTRATORZY_STRONY
SET DEFINE OFF;
Insert into KKECIK1.ADMINISTRATORZY_STRONY (ID_PRACOWNIKA,KWALIFIKACJE,PERMISJE) values ('20','E 4 E10 E9 E17 E20 E19','modyfikacja strony internetowej i bazy danych ');
REM INSERTING into KKECIK1.ADRESY
SET DEFINE OFF;
Insert into KKECIK1.ADRESY (ID_ADRESU,MIASTO,ULICA,NR_LOKALU,KOD_POCZTOWY) values ('3','Warszawa','Nowogrodzka ','7','00-056');
Insert into KKECIK1.ADRESY (ID_ADRESU,MIASTO,ULICA,NR_LOKALU,KOD_POCZTOWY) values ('4','Warszawa','Swietokrzyska','15','00-056');
Insert into KKECIK1.ADRESY (ID_ADRESU,MIASTO,ULICA,NR_LOKALU,KOD_POCZTOWY) values ('5','Warszawa','Nowowiejska','15','00-069');
Insert into KKECIK1.ADRESY (ID_ADRESU,MIASTO,ULICA,NR_LOKALU,KOD_POCZTOWY) values ('6','Warszawa','Stefana Banacha','2','02-097');
REM INSERTING into KKECIK1.ALBUMY
SET DEFINE OFF;
Insert into KKECIK1.ALBUMY (ID_ALBUMU,ID_WYKONAWCY,ID_ZESPOLU,NAZWA_ALBUMU,ROK_WYDANIA) values ('1','1',null,'Zacznij od Bacha','1999');
Insert into KKECIK1.ALBUMY (ID_ALBUMU,ID_WYKONAWCY,ID_ZESPOLU,NAZWA_ALBUMU,ROK_WYDANIA) values ('22',null,'1','Gora ty','2019');
REM INSERTING into KKECIK1.AUDYCJE
SET DEFINE OFF;
Insert into KKECIK1.AUDYCJE (ID_AUDYCJI,ID_STACJI_RADIOWEJ,NAZWA_AUDYCJI,DATA_EMISJI) values ('1','1','Hity lata',to_date('20/11/28','RR/MM/DD'));
Insert into KKECIK1.AUDYCJE (ID_AUDYCJI,ID_STACJI_RADIOWEJ,NAZWA_AUDYCJI,DATA_EMISJI) values ('2','4','Hity na maxa',to_date('20/11/27','RR/MM/DD'));
REM INSERTING into KKECIK1.DJE
SET DEFINE OFF;
Insert into KKECIK1.DJE (ID_PRACOWNIKA,NR_LICENCJI,DATA_WYDANIA_LICENCJI) values ('21','456853',to_date('20/06/12','RR/MM/DD'));
REM INSERTING into KKECIK1.LISTY_PRZEBOJOW
SET DEFINE OFF;
Insert into KKECIK1.LISTY_PRZEBOJOW (ID_AUDYCJI,NAZWA_LISTY_PRZEBOJOW,CZAS_TRWANIA_LISTY_PRZEBOJOW,TYP_LISTY) values ('1','Polska Top 50','72','DIAMOND');
Insert into KKECIK1.LISTY_PRZEBOJOW (ID_AUDYCJI,NAZWA_LISTY_PRZEBOJOW,CZAS_TRWANIA_LISTY_PRZEBOJOW,TYP_LISTY) values ('2','All out 80s','124','OLD-80s');
REM INSERTING into KKECIK1.OBSADY_AUDYCJI
SET DEFINE OFF;
Insert into KKECIK1.OBSADY_AUDYCJI (ID_PRACOWNIKA,ID_AUDYCJI) values ('1','20');
Insert into KKECIK1.OBSADY_AUDYCJI (ID_PRACOWNIKA,ID_AUDYCJI) values ('2','21');
REM INSERTING into KKECIK1.PRACOWNICY
SET DEFINE OFF;
Insert into KKECIK1.PRACOWNICY (ID_PRACOWNIKA,ID_STACJI_RADIOWEJ,ID_STANOWISKA,ID_ADRESU,IMIE,NAZWISKO,PLEC,PESEL,NR_TELEFONU,EMAIL) values ('20','1','1','5','Michal','Siek','M','99123456789','48123456789','michal.siek@radio.pl');
Insert into KKECIK1.PRACOWNICY (ID_PRACOWNIKA,ID_STACJI_RADIOWEJ,ID_STANOWISKA,ID_ADRESU,IMIE,NAZWISKO,PLEC,PESEL,NR_TELEFONU,EMAIL) values ('21','1','2','4','Karol','Kecik','M','00123456789','48987654321','karol.kecik@radio.pl');
REM INSERTING into KKECIK1.REKLAMY
SET DEFINE OFF;
Insert into KKECIK1.REKLAMY (ID_AUDYCJI,NAZWA_REKLAMY,CZAS_TRWANIA_REKLAMY,REKLAMODOWCA) values ('1','Coca_cola','30','The Coca-Cola Company');
Insert into KKECIK1.REKLAMY (ID_AUDYCJI,NAZWA_REKLAMY,CZAS_TRWANIA_REKLAMY,REKLAMODOWCA) values ('1','Blachotrapez','25','Blachotrapez Sp.z o.o');
REM INSERTING into KKECIK1.SKLADY
SET DEFINE OFF;
Insert into KKECIK1.SKLADY (ID_WYKONAWCY,ID_ZESPOLU) values ('21','1');
Insert into KKECIK1.SKLADY (ID_WYKONAWCY,ID_ZESPOLU) values ('21','2');
Insert into KKECIK1.SKLADY (ID_WYKONAWCY,ID_ZESPOLU) values ('22','1');
Insert into KKECIK1.SKLADY (ID_WYKONAWCY,ID_ZESPOLU) values ('22','2');
Insert into KKECIK1.SKLADY (ID_WYKONAWCY,ID_ZESPOLU) values ('23','1');
Insert into KKECIK1.SKLADY (ID_WYKONAWCY,ID_ZESPOLU) values ('23','2');
Insert into KKECIK1.SKLADY (ID_WYKONAWCY,ID_ZESPOLU) values ('24','1');
REM INSERTING into KKECIK1.STACJE_RADIOWE
SET DEFINE OFF;
Insert into KKECIK1.STACJE_RADIOWE (ID_STACJI_RADIOWEJ,ID_ADRESU,NAZWA_STACJI_RADIOWEJ,DATA_ZALOZENIA) values ('1','3','RMFFM',to_date('20/11/28','RR/MM/DD'));
Insert into KKECIK1.STACJE_RADIOWE (ID_STACJI_RADIOWEJ,ID_ADRESU,NAZWA_STACJI_RADIOWEJ,DATA_ZALOZENIA) values ('4','4','RADIOMARYJA',to_date('20/04/01','RR/MM/DD'));
REM INSERTING into KKECIK1.STANOWISKA
SET DEFINE OFF;
Insert into KKECIK1.STANOWISKA (ID_STANOWISKA,NAZWA_STANOWISKA,OPIS_STANOWISKA) values ('1','Speaker','Odpowiedzialny za prowadzenie audycje');
Insert into KKECIK1.STANOWISKA (ID_STANOWISKA,NAZWA_STANOWISKA,OPIS_STANOWISKA) values ('2','Księgowy','Odpowiada za zarządzanie finansami');
REM INSERTING into KKECIK1.UTWORY
SET DEFINE OFF;
Insert into KKECIK1.UTWORY (ID_UTWORU,ID_ALBUMU,TYTUL,OCENA,CZAS_TRWANIA_UTWORU,LICZBA_ODTWORZEN,NR_W_ALBUMIE,DATA_DODANIA,GATUNEK,WYTWORNIA) values ('1','1','Zacznij od Bacha','9,9','264','1200000','1',to_date('20/11/28','RR/MM/DD'),'Pop','Pomaton EMI');
Insert into KKECIK1.UTWORY (ID_UTWORU,ID_ALBUMU,TYTUL,OCENA,CZAS_TRWANIA_UTWORU,LICZBA_ODTWORZEN,NR_W_ALBUMIE,DATA_DODANIA,GATUNEK,WYTWORNIA) values ('2','1','Lubie wracac tam gdzie bylem','9,9','263','1000000','3',to_date('20/11/28','RR/MM/DD'),'Pop','Pomaton EMI');
Insert into KKECIK1.UTWORY (ID_UTWORU,ID_ALBUMU,TYTUL,OCENA,CZAS_TRWANIA_UTWORU,LICZBA_ODTWORZEN,NR_W_ALBUMIE,DATA_DODANIA,GATUNEK,WYTWORNIA) values ('3','1','Tak bardzo wierze w nas','10','217','100000','8',null,'Pop','Pomaton EMI');
Insert into KKECIK1.UTWORY (ID_UTWORU,ID_ALBUMU,TYTUL,OCENA,CZAS_TRWANIA_UTWORU,LICZBA_ODTWORZEN,NR_W_ALBUMIE,DATA_DODANIA,GATUNEK,WYTWORNIA) values ('5','2','Gora ty','10','227','35000000',null,to_date('20/11/11','RR/MM/DD'),'Hip-Hop','Golec Fabryka 2019');
REM INSERTING into KKECIK1.UTWORY_LISTY_PRZEBOJOW
SET DEFINE OFF;
Insert into KKECIK1.UTWORY_LISTY_PRZEBOJOW (ID_UTWORU,ID_AUDYCJI) values ('1','1');
Insert into KKECIK1.UTWORY_LISTY_PRZEBOJOW (ID_UTWORU,ID_AUDYCJI) values ('2','1');
Insert into KKECIK1.UTWORY_LISTY_PRZEBOJOW (ID_UTWORU,ID_AUDYCJI) values ('3','1');
Insert into KKECIK1.UTWORY_LISTY_PRZEBOJOW (ID_UTWORU,ID_AUDYCJI) values ('5','2');
REM INSERTING into KKECIK1.WLASCICIEL
SET DEFINE OFF;
Insert into KKECIK1.WLASCICIEL (ID_WLASCICIELA,ID_STACJI_RADIOWEJ,IMIE_WLASCICIELA,NAZWISKO_WLASCICIELA) values ('1','1','John ','Bravo');
REM INSERTING into KKECIK1.WYKONAWCY
SET DEFINE OFF;
Insert into KKECIK1.WYKONAWCY (ID_WYKONAWCY,IMIE,NAZWISKO) values ('1','Zbigniew','Wodecki');
Insert into KKECIK1.WYKONAWCY (ID_WYKONAWCY,IMIE,NAZWISKO) values ('21','Pawel','Golec');
Insert into KKECIK1.WYKONAWCY (ID_WYKONAWCY,IMIE,NAZWISKO) values ('22','Lukasz','Golec');
Insert into KKECIK1.WYKONAWCY (ID_WYKONAWCY,IMIE,NAZWISKO) values ('23','Edyta','Golec');
Insert into KKECIK1.WYKONAWCY (ID_WYKONAWCY,IMIE,NAZWISKO) values ('24','Borys ','Przybylski');
REM INSERTING into KKECIK1.WYKONAWCY_UTWOROW
SET DEFINE OFF;
Insert into KKECIK1.WYKONAWCY_UTWOROW (ID_WYKONAWCY,ID_UTWORU) values ('1','1');
Insert into KKECIK1.WYKONAWCY_UTWOROW (ID_WYKONAWCY,ID_UTWORU) values ('1','2');
Insert into KKECIK1.WYKONAWCY_UTWOROW (ID_WYKONAWCY,ID_UTWORU) values ('1','3');
Insert into KKECIK1.WYKONAWCY_UTWOROW (ID_WYKONAWCY,ID_UTWORU) values ('21','5');
Insert into KKECIK1.WYKONAWCY_UTWOROW (ID_WYKONAWCY,ID_UTWORU) values ('22','5');
Insert into KKECIK1.WYKONAWCY_UTWOROW (ID_WYKONAWCY,ID_UTWORU) values ('23','5');
Insert into KKECIK1.WYKONAWCY_UTWOROW (ID_WYKONAWCY,ID_UTWORU) values ('24','5');
REM INSERTING into KKECIK1.WYNAGRODZENIE
SET DEFINE OFF;
Insert into KKECIK1.WYNAGRODZENIE (ID_WYNAGRODZENIA,ID_PRACOWNIKA,DATA,KWOTA_POD,KWOTA_DOD) values ('1','20',to_date('20/11/10','RR/MM/DD'),'15000','2000');
Insert into KKECIK1.WYNAGRODZENIE (ID_WYNAGRODZENIA,ID_PRACOWNIKA,DATA,KWOTA_POD,KWOTA_DOD) values ('2','21',to_date('20/11/10','RR/MM/DD'),'15000','2000');
REM INSERTING into KKECIK1."ZESPOŁY"
SET DEFINE OFF;
Insert into KKECIK1."ZESPOŁY" (ID_ZESPOLU,NAZWA,ROK_ZALOZENIA) values ('1','Golec Uorkiestra & Bedoes','2019');
Insert into KKECIK1."ZESPOŁY" (ID_ZESPOLU,NAZWA,ROK_ZALOZENIA) values ('2','Golec uOrkiestra','1998');
Insert into KKECIK1."ZESPOŁY" (ID_ZESPOLU,NAZWA,ROK_ZALOZENIA) values ('3','Bedoes','2012');
